{
  "pr_auc": 0.9953511568055804,
  "roc_auc": 0.9960688325174306,
  "f1": 0.9620853080568721,
  "recall": 0.9485981308411215,
  "accuracy": 0.9656652360515021,
  "threshold": 0.5,
  "n_val": 466
}