{
  "pr_auc": 0.9953511568055804,
  "roc_auc": 0.9960688325174306,
  "f1": 0.9571428571428572,
  "recall": 0.9392523364485982,
  "accuracy": 0.9613733905579399,
  "threshold": 0.5,
  "n_val": 466
}