{
  "pr_auc": 0.9953511568055804,
  "roc_auc": 0.9960688325174306,
  "f1": 0.9596199524940617,
  "recall": 0.9439252336448598,
  "accuracy": 0.9635193133047211,
  "threshold": 0.5,
  "n_val": 466
}